,City,Lat,Lng,Max Temp,Humidity,Cloudiness,Wind Speed,Country,Date
0,stabat,3.761,3.761,26.11,85,99,1.13,ID,1650938942
1,narsaq,60.9167,60.9167,3.12,90,98,0.68,GL,1650938943
2,stans,46.9585,46.9585,7.94,94,75,0.51,CH,1650938945
3,mataura,-46.1927,-46.1927,11.38,72,67,4.1,NZ,1650938946
4,port alfred,-33.5906,-33.5906,14.1,81,5,5.2,ZA,1650938948
5,kapaa,22.0752,22.0752,26.99,89,40,7.72,US,1650938949
6,ushuaia,-54.8,-54.8,3.33,99,100,0.93,AR,1650938684
7,saskylakh,71.9167,71.9167,-11.18,92,72,0.83,RU,1650938953
8,sitka,57.0531,57.0531,8.94,71,75,3.09,US,1650938954
9,hasaki,35.7333,35.7333,22.94,86,100,7.04,JP,1650938955
10,rikitea,-23.1203,-23.1203,24.41,74,96,8.65,PF,1650938957
11,bredasdorp,-34.5322,-34.5322,11.27,83,4,1.49,ZA,1650938958
12,atuona,-9.8,-9.8,26.0,78,24,7.38,PF,1650938885
13,kaitangata,-46.2817,-46.2817,13.36,66,94,6.8,NZ,1650938961
14,krasnoselkup,65.7,65.7,-10.35,88,92,1.66,RU,1650938962
15,souillac,-20.5167,-20.5167,24.21,83,75,5.14,MU,1650938963
16,college,64.8569,64.8569,11.18,36,75,2.06,US,1650938965
17,muros,42.7762,42.7762,11.49,86,54,3.33,ES,1650938966
18,fortuna,40.5982,40.5982,13.38,80,100,1.79,US,1650938968
19,labuhan,-6.8844,-6.8844,28.99,74,75,0.68,ID,1650938969
20,puerto ayora,-0.7393,-0.7393,21.86,92,91,2.71,EC,1650938879
21,new norfolk,-42.7826,-42.7826,16.6,57,5,0.85,AU,1650938971
22,erenhot,43.6475,43.6475,2.81,25,2,9.02,CN,1650938974
23,platanos,37.6667,37.6667,13.38,70,20,2.26,GR,1650938975
24,fairbanks,64.8378,64.8378,11.19,36,0,2.06,US,1650938977
25,cape town,-33.9258,-33.9258,16.06,72,71,6.26,ZA,1650938878
26,sao filipe,14.8961,14.8961,23.72,69,83,5.27,CV,1650938979
27,beringovskiy,63.05,63.05,-0.53,98,100,7.73,RU,1650938726
28,bluff,-46.6,-46.6,11.56,82,100,11.06,NZ,1650938885
29,jamestown,42.097,42.097,14.45,78,100,4.12,US,1650938885
30,teguise,29.0605,29.0605,17.12,82,75,1.03,ES,1650938984
31,kahului,20.8947,20.8947,27.01,69,40,11.32,US,1650938726
32,albany,42.6001,42.6001,13.64,42,95,0.89,US,1650938705
33,east london,-33.0153,-33.0153,15.04,74,1,4.71,ZA,1650938988
34,ulladulla,-35.35,-35.35,18.76,68,98,2.04,AU,1650938819
35,komsomolskiy,40.4272,40.4272,16.4,67,100,2.06,UZ,1650938990
36,vila franca do campo,37.7167,37.7167,15.11,85,83,2.58,PT,1650938992
37,emilio carranza,19.9711,19.9711,25.23,88,1,3.0,MX,1650938993
38,akyab,20.15,20.15,29.26,71,20,2.96,MM,1650938994
39,kemin,42.7846,42.7846,11.92,58,6,1.73,KG,1650938773
40,saint-philippe,-21.3585,-21.3585,21.77,75,36,4.88,RE,1650938998
41,portland,45.5234,45.5234,14.42,73,100,0.89,US,1650938174
42,skibbereen,51.55,51.55,9.5,91,8,4.33,IE,1650939000
43,salinopolis,-0.6136,-0.6136,25.85,88,95,4.28,BR,1650939002
44,touros,-5.1989,-5.1989,24.83,89,41,3.79,BR,1650938962
45,buriti dos lopes,-3.175,-3.175,23.21,98,96,1.67,BR,1650939006
46,vaini,-21.2,-21.2,22.09,88,100,5.66,TO,1650939007
47,dikson,73.5069,73.5069,-11.32,93,100,1.79,RU,1650938880
48,russell,32.3502,32.3502,23.78,94,100,0.0,US,1650939010
49,zhangye,38.9342,38.9342,17.1,20,15,4.42,CN,1650939011
50,bilma,18.6853,18.6853,30.24,12,0,0.83,NE,1650939013
51,raton,36.9034,36.9034,7.34,49,0,4.12,US,1650939014
52,klaksvik,62.2266,62.2266,3.51,69,100,5.99,FO,1650939015
53,otjiwarongo,-20.4637,-20.4637,16.03,46,5,3.91,NA,1650939017
54,cherskiy,68.75,68.75,-0.95,72,100,2.0,RU,1650939018
55,khatanga,71.9667,71.9667,-11.96,90,100,3.06,RU,1650938888
56,mar del plata,-38.0023,-38.0023,16.04,76,6,4.47,AR,1650938813
57,tondano,1.3038,1.3038,27.05,64,38,0.36,ID,1650939022
58,hermanus,-34.4187,-34.4187,12.95,76,1,2.61,ZA,1650938978
59,nikolskoye,59.7035,59.7035,5.4,98,100,2.0,RU,1650939024
60,ixtapa,20.7,20.7,23.57,83,0,3.09,MX,1650938732
61,puerto carreno,6.189,6.189,26.33,82,100,2.75,CO,1650939028
62,tautira,-17.7333,-17.7333,27.37,73,10,4.57,PF,1650939029
63,ahipara,-35.1667,-35.1667,20.3,62,40,3.98,NZ,1650939031
64,verkhnyaya inta,65.9811,65.9811,-0.21,83,100,2.81,RU,1650939032
65,homer,59.6425,59.6425,6.94,85,100,4.47,US,1650939034
66,wajima,37.4,37.4,17.36,80,100,2.36,JP,1650939035
67,mirnyy,62.5353,62.5353,0.13,43,29,0.89,RU,1650939036
68,san antonio,29.4241,29.4241,18.83,86,100,6.69,US,1650938838
69,mizdah,31.4451,31.4451,14.4,43,48,5.15,LY,1650939039
70,kaputa,-8.4689,-8.4689,20.01,89,99,0.85,ZM,1650939040
71,cabo san lucas,22.8909,22.8909,26.17,44,0,2.57,MX,1650938832
72,esperance,-33.8667,-33.8667,21.53,59,56,7.34,AU,1650939046
73,dingle,10.9995,10.9995,30.75,65,100,4.59,PH,1650939048
74,sorland,67.667,67.667,0.41,63,100,10.82,NO,1650939049
75,phan thiet,10.9333,10.9333,30.42,61,77,1.05,VN,1650938831
76,vardo,70.3705,70.3705,-3.7,68,60,14.19,NO,1650939052
77,busselton,-33.65,-33.65,19.3,51,72,6.79,AU,1650938886
78,yellowknife,62.456,62.456,3.42,90,100,4.76,CA,1650938913
79,hambantota,6.1241,6.1241,27.22,82,17,1.83,LK,1650939055
80,mayor pablo lagerenza,-19.9309,-19.9309,31.13,43,1,6.18,PY,1650939057
81,bengkulu,-3.8004,-3.8004,26.67,74,100,1.71,ID,1650939058
82,tiksi,71.6872,71.6872,-13.95,89,63,0.8,RU,1650939059
83,raduzhnyy,62.0961,62.0961,-2.44,85,98,2.71,RU,1650939061
84,sao miguel do araguaia,-13.275,-13.275,23.97,64,6,0.92,BR,1650938925
85,banjar,-8.19,-8.19,29.84,69,100,1.29,ID,1650939063
86,pevek,69.7008,69.7008,-1.21,70,100,1.85,RU,1650939064
87,lompoc,34.6391,34.6391,20.43,79,0,7.15,US,1650939066
88,ryotsu,38.0833,38.0833,18.41,67,100,2.03,JP,1650939067
89,butaritari,3.0707,3.0707,26.94,83,26,5.61,KI,1650939069
90,mendi,-6.1761,-6.1761,19.55,73,94,1.71,PG,1650939070
91,kushima,31.4583,31.4583,25.45,79,99,5.23,JP,1650939071
92,carnarvon,-24.8667,-24.8667,24.04,78,40,4.12,AU,1650939073
93,melfi,40.9965,40.9965,6.94,88,64,2.68,IT,1650939074
94,ponta do sol,32.6667,32.6667,15.95,76,23,4.3,PT,1650939075
95,adwa,14.1646,14.1646,20.31,51,77,1.1,ET,1650939078
96,tres arroyos,-38.3739,-38.3739,12.29,29,35,2.58,AR,1650939079
97,empalme,27.9667,27.9667,29.64,57,0,5.66,MX,1650939081
98,bay roberts,47.5999,47.5999,3.7,96,100,5.36,CA,1650939083
99,acarau,-2.8856,-2.8856,25.41,86,49,4.66,BR,1650939085
100,leua,48.2156,48.2156,6.42,94,2,1.93,SK,1650939086
101,barrow,71.2906,71.2906,-8.99,73,40,5.66,US,1650939087
102,hithadhoo,-0.6,-0.6,29.11,72,100,2.77,MV,1650939089
103,zhigansk,66.7697,66.7697,-6.71,84,83,1.71,RU,1650939090
104,tuktoyaktuk,69.4541,69.4541,-0.17,94,94,2.92,CA,1650939091
105,palu,-0.8917,-0.8917,31.27,62,33,1.56,ID,1650939036
106,ribeira grande,38.5167,38.5167,14.94,70,71,3.1,PT,1650938955
107,filingue,14.3521,14.3521,27.76,12,93,3.52,NE,1650939096
108,lyambir,54.2817,54.2817,11.31,83,100,5.58,RU,1650939097
109,waipawa,-41.4122,-41.4122,16.04,61,9,1.89,NZ,1650939100
110,cockburn town,21.4612,21.4612,25.07,72,12,6.6,TC,1650939101
111,kabo,7.6994,7.6994,24.49,72,100,1.53,CF,1650939103
112,thessalon,46.2501,46.2501,4.16,95,95,5.53,CA,1650939104
113,tasiilaq,65.6145,65.6145,-1.91,97,100,2.7,GL,1650939105
114,lamar,33.6668,33.6668,15.95,59,0,5.14,US,1650939107
115,farsund,58.0948,58.0948,6.64,100,14,2.77,NO,1650939108
116,khipro,25.8285,25.8285,29.05,48,0,6.59,PK,1650939110
117,champerico,14.3,14.3,29.22,66,54,3.0,GT,1650939111
118,mariestad,58.7097,58.7097,7.26,81,80,3.55,SE,1650939112
119,ilulissat,69.2167,69.2167,-6.99,93,100,0.0,GL,1650939114
120,tinton falls,40.3043,40.3043,11.92,77,100,3.09,US,1650939117
121,punta arenas,-53.15,-53.15,1.06,75,20,3.09,CL,1650939006
122,kloulklubed,7.0419,7.0419,28.28,74,100,7.23,PW,1650938839
123,san policarpo,12.1791,12.1791,28.29,84,96,5.4,PH,1650939121
124,lodwar,3.1191,3.1191,25.46,69,100,1.99,KE,1650939122
125,fare,-16.7,-16.7,27.7,70,8,4.52,PF,1650939124
126,talnakh,69.4865,69.4865,-14.33,94,100,3.4,RU,1650939125
127,quatre cocos,-20.2078,-20.2078,24.06,74,44,7.23,MU,1650939127
128,puerto quijarro,-17.7833,-17.7833,26.47,63,22,1.4,BO,1650939129
129,juneau,58.3019,58.3019,6.79,94,100,5.66,US,1650938972
130,san patricio,28.017,28.017,25.92,89,100,4.87,US,1650939132
131,norman wells,65.282,65.282,2.65,93,100,2.68,CA,1650938881
132,ugoofaaru,5.6667,5.6667,29.09,69,48,1.62,MV,1650939135
133,umba,66.6871,66.6871,0.36,96,100,1.88,RU,1650939136
134,constitucion,-35.3333,-35.3333,13.14,85,100,5.95,CL,1650939137
135,arraial do cabo,-22.9661,-22.9661,23.8,82,0,6.42,BR,1650939139
136,kathu,7.9178,7.9178,30.39,84,100,1.23,TH,1650939140
137,pangnirtung,66.1451,66.1451,-17.66,100,100,2.41,CA,1650939141
138,carlsbad,33.1581,33.1581,27.61,41,0,4.63,US,1650939066
139,carnot,4.9409,4.9409,21.07,95,100,0.29,CF,1650939144
140,cururupu,-1.8283,-1.8283,23.67,98,98,1.51,BR,1650939145
141,mahebourg,-20.4081,-20.4081,24.16,83,75,5.14,MU,1650939147
142,dhidhdhoo,6.8833,6.8833,29.16,70,67,1.25,MV,1650939129
143,tuatapere,-46.1333,-46.1333,13.34,66,47,4.06,NZ,1650939149
144,kodiak,57.79,57.79,7.73,66,75,3.09,US,1650938982
145,hobart,-42.8794,-42.8794,16.79,71,40,2.06,AU,1650939131
146,lebu,-37.6167,-37.6167,13.15,80,100,12.49,CL,1650939153
147,severo-kurilsk,50.6789,50.6789,0.87,97,94,12.47,RU,1650939154
148,naze,28.3667,28.3667,24.51,82,22,7.87,JP,1650938929
149,qaanaaq,77.484,77.484,-14.33,62,21,3.35,GL,1650939058
150,mantua,45.1667,45.1667,12.81,86,96,1.34,IT,1650939158
151,ler,8.3018,8.3018,23.37,76,100,2.07,SS,1650939159
152,rorvik,64.8621,64.8621,3.4,60,100,9.64,NO,1650939092
153,victoria,22.2855,22.2855,29.42,84,1,3.13,HK,1650939163
154,faanui,-16.4833,-16.4833,27.72,70,15,4.59,PF,1650939146
155,lasa,46.6166,46.6166,5.94,97,97,0.86,IT,1650939165
156,karratha,-20.7377,-20.7377,28.56,38,97,3.87,AU,1650939167
157,iqaluit,63.7506,63.7506,-25.25,84,0,4.42,CA,1650939168
158,mwense,-10.3845,-10.3845,17.12,96,64,1.46,ZM,1650939171
159,castro,-24.7911,-24.7911,15.03,88,6,1.33,BR,1650939172
160,caravelas,-17.7125,-17.7125,24.19,83,0,1.8,BR,1650939174
161,saldanha,-33.0117,-33.0117,13.06,77,99,4.63,ZA,1650939175
162,taywarah,33.35,33.35,10.82,28,12,0.89,AF,1650939072
163,padang,-0.9492,-0.9492,26.03,80,100,1.35,ID,1650939178
164,brae,60.3964,60.3964,6.54,70,100,6.86,GB,1650939179
165,georgetown,5.4112,5.4112,29.97,79,20,0.0,MY,1650938931
166,flinders,-34.5833,-34.5833,21.32,79,100,3.13,AU,1650939182
167,coahuayana,18.7333,18.7333,21.63,85,31,0.93,MX,1650939183
168,acajutla,13.5928,13.5928,27.46,78,62,2.74,SV,1650939185
169,pontianak,-0.0333,-0.0333,27.99,83,20,2.57,ID,1650939186
170,port blair,11.6667,11.6667,29.69,67,100,1.58,IN,1650939016
171,ambilobe,-13.2,-13.2,21.23,85,11,1.91,MG,1650939191
172,ketchikan,55.3422,55.3422,9.26,66,40,6.69,US,1650939155
173,longyearbyen,78.2186,78.2186,-25.37,94,50,1.23,SJ,1650939193
174,port elizabeth,-33.918,-33.918,14.06,82,0,3.13,ZA,1650939195
175,viedma,-40.8135,-40.8135,13.69,34,100,5.78,AR,1650939196
176,pedernales,18.0384,18.0384,25.48,73,10,2.01,DO,1650939197
177,kruisfontein,-34.0033,-34.0033,9.38,84,0,3.24,ZA,1650939201
178,salalah,17.0151,17.0151,27.05,74,40,2.06,OM,1650939203
179,ostrovnoy,68.0531,68.0531,-0.32,97,100,2.03,RU,1650938983
180,priiskovyy,51.9333,51.9333,4.13,52,100,4.12,RU,1650939205
181,duluth,46.7833,46.7833,-0.4,67,100,5.66,US,1650939098
182,honiara,-9.4333,-9.4333,30.27,67,42,2.21,SB,1650939208
183,upernavik,72.7868,72.7868,-11.99,90,53,2.05,GL,1650939062
184,srednekolymsk,67.45,67.45,-6.42,83,100,3.65,RU,1650939210
185,tiarei,-17.5333,-17.5333,29.01,73,12,4.57,PF,1650939212
186,caxito,-8.5785,-8.5785,22.74,98,100,0.78,AO,1650939213
187,makasar,-5.14,-5.14,29.03,84,20,1.54,ID,1650939047
188,hilo,19.7297,19.7297,26.27,78,100,2.57,US,1650939217
189,birin,26.8865,26.8865,20.62,51,0,1.59,NP,1650939218
190,toro,4.6117,4.6117,20.38,93,85,0.74,CO,1650939219
191,sayyan,15.1718,15.1718,14.49,56,11,1.37,YE,1650939221
192,nome,64.5011,64.5011,2.87,80,100,3.09,US,1650939223
193,wajir,1.7471,1.7471,26.28,75,83,5.9,KE,1650939225
194,bridlington,54.0831,54.0831,5.0,84,16,4.04,GB,1650939226
195,nouadhibou,20.931,20.931,18.37,91,31,6.45,MR,1650939208
196,bela,25.9333,25.9333,34.19,13,0,1.96,IN,1650939229
197,istok,42.7808,42.7808,9.64,78,51,1.19,XK,1650939230
198,svencionys,55.15,55.15,6.17,87,100,2.26,LT,1650939231
199,grindavik,63.8424,63.8424,6.26,87,100,1.54,IS,1650939233
200,avallon,47.4833,47.4833,6.06,88,79,1.18,FR,1650939234
201,xihe,31.6864,31.6864,24.53,62,13,1.63,CN,1650939237
202,ligayan,4.6533,4.6533,29.08,68,88,3.18,PH,1650939238
203,ancud,-41.8697,-41.8697,9.57,81,100,10.55,CL,1650939053
204,ola,59.5833,59.5833,1.75,57,100,4.89,RU,1650939240
205,carrollton,32.9537,32.9537,18.24,53,40,4.63,US,1650939200
206,koppang,61.5706,61.5706,-0.28,82,15,3.04,NO,1650939243
207,stykkisholmur,65.0757,65.0757,5.44,75,98,2.13,IS,1650939244
208,jalu,29.0331,29.0331,23.05,20,100,4.22,LY,1650939187
209,chokurdakh,70.6333,70.6333,-10.14,87,21,1.46,RU,1650939247
210,cayenne,4.9333,4.9333,25.61,1,75,0.0,GF,1650939248
211,thompson,55.7435,55.7435,-8.16,90,100,1.25,CA,1650939251
212,road town,18.4167,18.4167,24.05,70,7,6.03,VG,1650939252
213,tezpur,26.6333,26.6333,26.18,66,17,3.25,IN,1650939254
214,vallenar,-28.5708,-28.5708,16.56,64,0,0.94,CL,1650939255
215,bambous virieux,-20.3428,-20.3428,24.14,83,75,5.14,MU,1650939257
216,cherniyiv,48.8566,48.8566,7.05,89,29,1.16,UA,1650939258
217,lagoa,39.05,39.05,14.46,71,95,5.17,PT,1650939259
218,airai,-8.9266,-8.9266,23.12,41,98,0.89,TL,1650939261
219,lavrentiya,65.5833,65.5833,-2.45,78,95,3.28,RU,1650939262
220,jais,26.25,26.25,34.09,13,0,2.25,IN,1650939263
221,leningradskiy,69.3833,69.3833,-5.73,89,89,6.2,RU,1650939265
222,peniche,39.3558,39.3558,14.5,89,66,4.08,PT,1650939266
223,sendhwa,21.6833,21.6833,30.66,17,0,2.89,IN,1650939268
224,cidreira,-30.1811,-30.1811,19.89,94,100,7.18,BR,1650939076
225,peleduy,59.6289,59.6289,1.11,74,100,4.06,RU,1650939270
226,tiznit,29.5833,29.5833,11.95,87,93,2.71,MA,1650939271
227,catemaco,18.4167,18.4167,24.46,73,52,2.91,MX,1650939273
228,kandrian,-6.2167,-6.2167,30.05,67,99,2.24,PG,1650939274
229,fort-shevchenko,44.5086,44.5086,16.14,52,3,4.97,KZ,1650939275
230,kanigoro,-8.13,-8.13,28.91,70,78,1.56,ID,1650939277
231,koksovyy,48.1967,48.1967,13.02,73,98,1.93,RU,1650939278
232,vryburg,-26.9566,-26.9566,7.55,44,0,1.96,ZA,1650939280
233,nuuk,64.1835,64.1835,-0.66,86,75,4.63,GL,1650939282
234,mount darwin,-16.7725,-16.7725,18.12,92,71,1.27,ZW,1650939284
235,grenfell,-33.9,-33.9,19.88,47,100,3.37,AU,1650939285
236,katsuura,35.1333,35.1333,21.01,85,100,7.11,JP,1650939286
237,warrington,53.3925,53.3925,8.77,81,55,4.12,GB,1650938993
238,mehamn,71.0357,71.0357,-5.69,66,100,13.34,NO,1650939289
239,kuandian,40.7286,40.7286,13.16,83,100,2.24,CN,1650939290
240,codrington,-38.2667,-38.2667,22.07,42,100,5.19,AU,1650939229
241,asadabad,34.7824,34.7824,10.08,92,100,0.7,IR,1650939293
242,cruzeiro,-22.5761,-22.5761,18.67,95,2,1.29,BR,1650939294
243,lodja,-3.4833,-3.4833,20.76,100,100,0.44,CD,1650939261
244,barao de melgaco,-16.1944,-16.1944,25.56,65,0,1.43,BR,1650939297
245,coquimbo,-29.9533,-29.9533,13.85,94,100,0.51,CL,1650939298
246,grand-lahou,5.1367,5.1367,26.18,88,22,2.36,CI,1650939300
247,omboue,-1.5746,-1.5746,25.17,92,100,1.83,GA,1650939301
248,balkanabat,39.5108,39.5108,22.01,26,100,5.64,TM,1650939302
249,muli,2.9167,2.9167,28.9,68,100,2.08,MV,1650939304
250,vestnes,62.6264,62.6264,4.28,75,75,1.03,NO,1650939305
251,ha giang,22.8333,22.8333,28.34,79,76,1.41,VN,1650939307
252,uige,-7.6087,-7.6087,19.67,96,95,1.31,AO,1650939308
253,kita,13.0349,13.0349,28.76,19,69,1.94,ML,1650939309
254,deputatskiy,69.3,69.3,-10.21,84,100,1.1,RU,1650939311
255,khanpur,28.6453,28.6453,29.99,15,0,1.75,PK,1650939312
256,lucapa,-8.4192,-8.4192,19.97,92,100,1.19,AO,1650939314
257,fort nelson,58.8053,58.8053,1.79,100,100,1.51,CA,1650939218
258,lincoln,40.8,40.8,9.45,34,0,2.57,US,1650939117
259,chakia,26.4167,26.4167,29.93,45,0,5.97,IN,1650939317
260,virginia beach,36.8529,36.8529,23.03,73,40,3.09,US,1650939061
261,hamilton,39.1834,39.1834,15.69,77,100,3.09,US,1650939245
262,vostok,46.4856,46.4856,14.03,54,94,1.87,RU,1650939198
263,umm kaddadah,13.6017,13.6017,27.27,13,100,2.96,SD,1650939322
264,itarema,-2.9248,-2.9248,25.27,87,85,3.98,BR,1650939325
265,ilabaya,-17.4208,-17.4208,18.88,62,100,0.41,PE,1650939326
266,rocha,-34.4833,-34.4833,17.57,98,100,1.83,UY,1650939149
267,amazar,53.858,53.858,5.07,41,100,3.43,RU,1650939330
268,kavieng,-2.5744,-2.5744,29.5,67,7,4.55,PG,1650939331
269,jumla,29.2747,29.2747,16.03,33,0,0.49,NP,1650939333
270,vila velha,-20.3297,-20.3297,24.41,84,0,0.51,BR,1650939104
271,contamana,-7.3333,-7.3333,23.33,87,21,0.83,PE,1650939335
272,babu,24.4167,24.4167,27.86,80,79,2.37,CN,1650939336
273,poya,-21.35,-21.35,26.64,53,89,4.4,NC,1650939338
274,clyde river,70.4692,70.4692,-12.87,92,100,8.75,CA,1650939339
275,andenes,69.3143,69.3143,-3.01,86,100,11.83,NO,1650939049
276,broome,42.2506,42.2506,14.65,71,0,5.66,US,1650939342
277,tucuma,-0.1833,-0.1833,24.33,93,85,2.35,BR,1650939343
278,torez,48.0388,48.0388,12.16,79,100,0.46,UA,1650939346
279,tarakan,3.3,3.3,27.72,78,20,3.6,ID,1650939347
280,zhaotong,27.3167,27.3167,15.29,70,87,0.42,CN,1650939350
281,barra patuca,15.8,15.8,26.21,79,3,4.91,HN,1650939351
282,ginir,7.1333,7.1333,13.53,91,100,2.07,ET,1650939352
283,erzin,36.9559,36.9559,17.59,41,0,0.98,TR,1650939354
284,byron bay,-28.65,-28.65,22.94,73,100,2.74,AU,1650939355
285,buraydah,26.326,26.326,23.44,40,30,6.15,SA,1650939069
286,tabou,4.423,4.423,25.48,86,67,1.9,CI,1650939357
287,kulhudhuffushi,6.6221,6.6221,29.05,71,93,1.49,MV,1650939359
288,cacahuatepec,16.8861,16.8861,25.76,64,6,1.63,MX,1650939360
289,the valley,18.217,18.217,25.05,66,6,5.61,AI,1650939362
290,kidal,18.4411,18.4411,25.63,19,0,4.7,ML,1650939363
291,manaus,-3.1019,-3.1019,27.28,94,0,1.54,BR,1650939365
292,kuloy,61.0305,61.0305,5.26,97,100,3.52,RU,1650939366
293,alice springs,-23.7,-23.7,22.75,53,60,3.09,AU,1650939233
294,pergamino,-33.89,-33.89,16.72,92,9,3.49,AR,1650939123
295,brownsville,25.9018,25.9018,26.16,88,100,5.66,US,1650939305
296,gwanda,-20.9333,-20.9333,17.93,73,6,1.86,ZW,1650939373
297,alofi,-19.0595,-19.0595,24.94,94,100,3.09,NU,1650939374
298,puerto ayacucho,5.6639,5.6639,23.94,93,98,2.18,VE,1650939376
299,riyadh,24.6877,24.6877,21.08,46,100,3.98,SA,1650939198
300,berlevag,70.8578,70.8578,-6.11,76,99,13.57,NO,1650939378
301,laguna,38.421,38.421,25.08,43,0,5.14,US,1650939342
302,marsh harbour,26.5412,26.5412,23.46,69,0,7.31,BS,1650939206
303,pimenta bueno,-11.6725,-11.6725,23.22,94,7,1.06,BR,1650939382
304,the pas,53.8251,53.8251,-2.99,36,0,1.54,CA,1650939384
305,mahibadhoo,3.7833,3.7833,28.89,70,94,2.03,MV,1650939385
306,awjilah,29.1081,29.1081,23.33,21,100,4.32,LY,1650939386
307,kichera,55.9375,55.9375,-1.37,72,86,2.66,RU,1650939388
308,kharan,28.5833,28.5833,26.69,18,6,1.1,PK,1650939390
309,mandalgovi,45.7625,45.7625,-2.16,23,12,5.89,MN,1650939219
310,sur,22.5667,22.5667,29.34,41,0,4.53,OM,1650939290
311,namibe,-15.1961,-15.1961,22.52,69,100,2.54,AO,1650939394
312,biak,-0.9131,-0.9131,28.33,72,19,1.35,ID,1650939395
313,camacha,33.0833,33.0833,14.68,77,40,4.63,PT,1650939211
314,kinna,57.5073,57.5073,4.63,83,20,1.11,SE,1650939398
315,klobuck,50.9008,50.9008,6.36,92,100,2.17,PL,1650939399
316,cape coast,5.1053,5.1053,26.69,85,92,1.63,GH,1650939401
317,olafsvik,64.8945,64.8945,5.56,83,88,1.9,IS,1650939131
318,jati,24.3539,24.3539,27.27,72,0,5.6,PK,1650939188
319,ocos,14.5094,14.5094,26.1,67,97,3.23,GT,1650939404
320,yerbogachen,61.2767,61.2767,0.16,85,100,2.35,RU,1650939135
321,hvide sande,56.0045,56.0045,3.38,86,8,4.19,DK,1650939407
322,chuy,-33.6971,-33.6971,18.32,99,68,0.7,UY,1650939196
323,berbera,10.4396,10.4396,28.7,72,94,1.81,SO,1650939409
324,aloleng,16.1307,16.1307,31.55,59,58,2.11,PH,1650939372
325,merauke,-8.4667,-8.4667,30.14,64,12,0.77,ID,1650939236
326,ust-nera,64.5667,64.5667,-5.96,80,95,1.71,RU,1650939413
327,imeni poliny osipenko,52.4201,52.4201,1.76,84,100,3.5,RU,1650939414
328,yar-sale,66.8333,66.8333,-5.89,98,89,1.57,RU,1650939416
329,darnah,32.767,32.767,16.56,63,99,1.59,LY,1650939417
330,bima,-8.4667,-8.4667,29.99,57,100,0.65,ID,1650939231
331,bac lieu,9.285,9.285,30.03,64,97,2.4,VN,1650939420
332,springfield,37.2153,37.2153,11.24,67,0,3.09,US,1650939246
333,pochutla,15.7432,15.7432,27.12,68,30,2.24,MX,1650939422
334,staroye drozhzhanoye,54.7266,54.7266,10.6,84,100,5.18,RU,1650939425
335,los llanos de aridane,28.6585,28.6585,15.86,85,0,3.6,ES,1650939426
336,grand gaube,-20.0064,-20.0064,24.22,71,57,9.08,MU,1650939427
337,manakara,-22.1333,-22.1333,20.21,92,33,2.18,MG,1650939429
338,ballina,-28.8667,-28.8667,22.1,81,100,2.55,AU,1650939142
339,pastavy,55.1168,55.1168,7.16,74,100,2.46,BY,1650939431
340,chapais,49.7834,49.7834,3.88,99,100,2.66,CA,1650939433
341,rawson,-43.3002,-43.3002,14.1,36,90,14.05,AR,1650939434
342,sahuaripa,29.05,29.05,27.63,12,0,2.73,MX,1650939436
343,provideniya,64.3833,64.3833,-1.94,74,75,9.0,RU,1650939438
344,cradock,-32.1642,-32.1642,7.51,86,0,0.79,ZA,1650939439
345,plettenberg bay,-34.0527,-34.0527,12.5,78,0,3.16,ZA,1650939441
346,beloha,-25.1667,-25.1667,22.51,74,96,2.08,MG,1650939442
347,santiago del estero,-27.7951,-27.7951,24.96,70,37,1.79,AR,1650939444
348,turukhansk,65.8167,65.8167,-7.51,85,18,2.21,RU,1650939445
349,rumoi,43.9344,43.9344,16.26,61,100,4.16,JP,1650939447
350,porvoo,60.3923,60.3923,4.02,91,66,2.74,FI,1650939448
351,pingliang,35.5392,35.5392,20.0,32,99,3.39,CN,1650939449
352,roslyakovo,69.043,69.043,-2.6,82,100,8.23,RU,1650939451
353,kudahuvadhoo,2.6708,2.6708,28.83,69,21,2.24,MV,1650939452
354,sola,-13.8833,-13.8833,27.1,76,82,7.63,VU,1650939409
355,vanderhoof,54.0166,54.0166,7.6,62,100,0.85,CA,1650939455
356,bucerias,20.75,20.75,23.99,83,0,3.09,MX,1650939318
357,luderitz,-26.6481,-26.6481,15.35,51,0,4.72,NA,1650939459
358,teya,60.3778,60.3778,0.31,79,94,3.52,RU,1650939460
359,namatanai,-3.6667,-3.6667,29.62,64,91,2.89,PG,1650939461
360,baykit,61.67,61.67,-1.79,92,100,1.97,RU,1650939463
361,husavik,66.0449,66.0449,5.08,86,100,0.79,IS,1650939464
362,boa esperanca,-21.09,-21.09,17.96,91,4,1.9,BR,1650939465
363,mae chan,20.1467,20.1467,32.6,35,2,0.36,TH,1650939467
364,nelson bay,-32.7167,-32.7167,21.67,84,100,2.45,AU,1650939468
365,amahai,-3.3333,-3.3333,29.2,71,60,1.39,ID,1650939470
366,luwuk,-0.9516,-0.9516,29.51,74,23,1.3,ID,1650939471
367,ust-tsilma,65.441,65.441,0.71,93,100,2.47,RU,1650939472
368,zabaykalsk,49.6333,49.6333,1.91,83,98,7.04,RU,1650939474
369,kodinsk,58.6881,58.6881,1.02,83,100,4.02,RU,1650939475
370,manaure,11.7751,11.7751,27.37,73,100,7.42,CO,1650939476
371,san felipe,10.3399,10.3399,22.58,96,100,1.63,VE,1650939478
372,suhbaatar,50.2314,50.2314,2.14,26,0,4.0,MN,1650939479
373,hobyo,5.3505,5.3505,27.99,70,65,3.65,SO,1650939481
374,te anau,-45.4167,-45.4167,13.27,54,5,0.83,NZ,1650939436
375,port lincoln,-34.7333,-34.7333,19.04,72,84,7.9,AU,1650939483
376,bathsheba,13.2167,13.2167,25.34,94,75,6.17,BB,1650939486
377,ouallam,14.3188,14.3188,27.76,14,38,4.77,NE,1650939487
378,arlit,18.7369,18.7369,26.71,10,0,3.92,NE,1650939488
379,lhokseumawe,5.1801,5.1801,27.69,78,100,0.96,ID,1650939490
380,nsanje,-16.92,-16.92,20.81,98,14,0.65,MW,1650939491
381,luang prabang,19.8856,19.8856,24.98,83,75,0.0,LA,1650939493
382,port moresby,-9.4431,-9.4431,29.52,70,90,3.4,PG,1650939494
383,mahon,39.8885,39.8885,11.31,93,0,1.03,ES,1650939496
384,saint george,37.1041,37.1041,24.33,10,0,2.06,US,1650939464
385,panguipulli,-39.6333,-39.6333,8.96,96,100,5.19,CL,1650939498
386,garwa,24.1833,24.1833,32.8,11,0,1.71,IN,1650939500
387,las palmas,28.4204,28.4204,17.44,82,0,6.17,ES,1650939501
388,kenai,60.5544,60.5544,9.46,66,75,4.12,US,1650939503
389,conceicao do araguaia,-8.2578,-8.2578,23.32,83,8,0.92,BR,1650939505
390,hokitika,-42.7167,-42.7167,14.51,73,94,1.4,NZ,1650939507
391,ewa beach,21.3156,21.3156,27.97,56,75,8.23,US,1650939416
392,high level,58.5169,58.5169,13.06,35,20,5.66,CA,1650939509
393,puerto escondido,15.85,15.85,28.46,69,100,0.0,MX,1650939511
394,gamba,-2.65,-2.65,24.75,94,100,2.09,GA,1650939235
395,avarua,-21.2078,-21.2078,28.03,78,75,2.57,CK,1650939515
396,ajdabiya,30.7554,30.7554,21.04,36,57,5.73,LY,1650939516
397,poum,-20.2333,-20.2333,25.26,62,99,5.23,NC,1650939518
398,opuwo,-18.0607,-18.0607,17.41,47,1,0.76,NA,1650939519
399,cestas,44.7435,44.7435,9.96,94,74,2.06,FR,1650939522
400,stokmarknes,68.5646,68.5646,-4.01,80,20,2.06,NO,1650939523
401,kongwa,-6.2,-6.2,17.58,97,94,1.51,TZ,1650939525
402,pacific grove,36.6177,36.6177,20.01,81,0,5.14,US,1650939400
403,sinnamary,5.3833,5.3833,25.58,88,100,3.52,GF,1650939528
404,basco,20.4487,20.4487,27.78,85,2,7.63,PH,1650939530
405,motygino,58.1831,58.1831,2.02,82,100,4.8,RU,1650939531
406,belyy yar,53.6039,53.6039,4.94,47,51,0.0,RU,1650939533
407,ibra,22.6906,22.6906,24.31,43,0,0.91,OM,1650939535
408,wanning,18.8003,18.8003,29.53,70,4,6.13,CN,1650939537
409,marawi,7.9986,7.9986,25.66,71,97,1.15,PH,1650939538
410,geghamasar,40.3109,40.3109,6.65,71,100,0.75,AM,1650939539
411,safaga,26.7292,26.7292,23.66,53,5,3.91,EG,1650939541
412,marienburg,54.0359,54.0359,5.49,85,100,3.06,PL,1650939542
413,puerto madryn,-42.7692,-42.7692,14.44,40,59,13.02,AR,1650939544
414,tongchuan,35.0806,35.0806,23.35,29,31,3.81,CN,1650939545
415,naranjal,-2.6667,-2.6667,23.85,88,85,0.81,EC,1650939548
416,inverell,-29.7833,-29.7833,20.93,57,100,2.24,AU,1650939549
417,suratgarh,29.3167,29.3167,30.84,18,0,1.96,IN,1650939550
418,rundu,-17.9333,-17.9333,16.03,50,4,2.17,NA,1650939552
419,katangli,51.7102,51.7102,-0.25,95,100,1.71,RU,1650939554
420,pala,9.3642,9.3642,28.0,55,93,2.77,TD,1650939556
421,diffa,13.3154,13.3154,28.84,37,3,4.7,NE,1650939557
422,gambela,8.25,8.25,22.09,84,100,1.14,ET,1650939558
423,dabola,10.75,10.75,25.49,28,95,1.53,GN,1650939560
424,madingou,-4.1536,-4.1536,23.07,95,100,0.55,CG,1650939561
425,mpika,-11.8343,-11.8343,14.95,97,63,1.99,ZM,1650939563
426,santa maria,-29.6842,-29.6842,20.37,98,98,3.74,BR,1650939442
427,chabahar,25.2919,25.2919,28.0,68,0,2.37,IR,1650939565
428,susangerd,31.5608,31.5608,21.12,63,0,4.81,IR,1650939305
429,visby,57.6409,57.6409,6.12,75,75,5.14,SE,1650939569
430,san carlos,9.6612,9.6612,26.33,72,91,1.55,VE,1650939570
431,lubango,-14.9172,-14.9172,14.47,60,5,1.01,AO,1650939574
432,goundam,16.4145,16.4145,25.68,23,0,4.08,ML,1650939576
433,qaqortoq,60.7167,60.7167,0.84,95,100,1.86,GL,1650939577
434,mwinilunga,-11.7358,-11.7358,16.67,94,99,1.58,ZM,1650939578
435,vila,42.0304,42.0304,8.49,88,79,1.49,PT,1650939580
436,chifeng,42.2683,42.2683,11.39,14,0,12.25,CN,1650939581
437,guanica,17.9716,17.9716,24.39,92,77,1.87,PR,1650939583
438,tigil,57.8,57.8,0.03,98,100,3.42,RU,1650939584
439,kashi,39.4547,39.4547,20.56,13,20,3.0,CN,1650939585
440,evensk,61.95,61.95,0.09,75,100,9.43,RU,1650939587
441,luganville,-15.5333,-15.5333,27.69,72,100,3.81,VU,1650939589
442,buluang,13.3068,13.3068,31.7,61,70,0.63,PH,1650939591
443,finnsnes,69.2296,69.2296,-3.66,94,100,3.2,NO,1650939592
444,horta,38.5333,38.5333,14.33,71,75,3.3,PT,1650939593
445,sisimiut,66.9395,66.9395,-1.72,83,100,3.84,GL,1650939595
446,hunchun,42.8675,42.8675,21.86,41,1,1.32,CN,1650939596
447,nizwa,22.9333,22.9333,24.7,44,74,1.14,OM,1650939599
448,bethel,41.3712,41.3712,12.05,46,100,2.57,US,1650939600
449,saint-louis,16.3333,16.3333,24.51,41,1,5.86,SN,1650939602
450,turayf,31.6725,31.6725,17.14,72,0,2.57,SA,1650939603
451,humboldt,40.6665,40.6665,10.93,75,100,2.04,US,1650939605
452,iroquois falls,48.7669,48.7669,4.85,91,100,3.34,CA,1650939606
453,severodvinsk,64.5635,64.5635,1.06,99,100,1.94,RU,1650939607
454,port macquarie,-31.4333,-31.4333,22.72,70,100,1.45,AU,1650939609
455,makakilo city,21.3469,21.3469,27.18,58,75,8.23,US,1650939610
456,adrar,20.5022,20.5022,21.44,34,3,3.41,MR,1650939612
457,half moon bay,37.4636,37.4636,19.88,74,75,12.35,US,1650939613
458,sokol,59.4617,59.4617,4.56,96,59,3.15,RU,1650939615
459,paamiut,61.994,61.994,-1.69,89,100,1.05,GL,1650939616
460,kirakira,-10.4544,-10.4544,29.37,72,86,2.55,SB,1650939619
461,awbari,26.5921,26.5921,22.89,16,87,6.33,LY,1650939620
462,liverpool,53.4106,53.4106,8.12,83,88,4.12,GB,1650939584
463,aasiaat,68.7098,68.7098,-5.13,96,100,3.7,GL,1650939489
464,bayan,46.0833,46.0833,13.16,32,1,8.98,CN,1650939625
465,beatrice,40.2681,40.2681,8.48,36,0,1.54,US,1650939467
466,francistown,-21.17,-21.17,20.15,63,65,2.88,BW,1650939627
467,port hedland,-20.3167,-20.3167,31.03,35,47,2.57,AU,1650939629
468,tumbagaan,5.3656,5.3656,29.45,66,72,2.5,PH,1650939630
469,shache,38.4167,38.4167,20.19,16,67,2.7,CN,1650939631
470,state college,40.7934,40.7934,16.36,80,100,3.13,US,1650939442
471,hun,29.1268,29.1268,18.58,41,42,1.63,LY,1650939634
472,saint-augustin,51.226,51.226,1.6,97,100,4.19,CA,1650939635
473,geraldton,-28.7667,-28.7667,22.23,56,100,4.12,AU,1650939637
474,ust-maya,60.4167,60.4167,2.12,64,91,1.24,RU,1650939638
475,yuncheng,35.0231,35.0231,25.51,36,5,2.46,CN,1650939639
476,dubai,25.2582,25.2582,27.96,51,0,1.03,AE,1650939439
477,acapulco,16.8634,16.8634,25.9,78,40,3.09,MX,1650939643
478,malinyi,-8.9333,-8.9333,20.92,98,99,0.67,TZ,1650939644
479,mosetse,-20.75,-20.75,18.49,64,6,3.66,BW,1650939646
480,baghdad,33.3406,33.3406,20.95,64,20,4.12,IQ,1650939612
481,sinop,41.7711,41.7711,13.61,51,100,1.63,TR,1650939649
482,nanortalik,60.1432,60.1432,0.28,97,94,2.36,GL,1650939651
483,port-gentil,-0.7193,-0.7193,27.05,83,98,3.55,GA,1650939652
484,korla,41.7597,41.7597,17.51,14,100,3.79,CN,1650939654
485,catuday,16.2923,16.2923,30.59,60,27,3.12,PH,1650939655
486,port hardy,50.6996,50.6996,8.1,71,75,5.14,CA,1650939656
487,abeche,13.8292,13.8292,26.61,47,95,1.73,TD,1650939658
488,myrtle beach,33.6891,33.6891,21.16,84,0,4.12,US,1650939660
489,kununurra,-15.7667,-15.7667,32.99,33,89,1.54,AU,1650939661
490,salym,60.0625,60.0625,2.71,98,100,2.34,RU,1650939663
491,shu,43.5983,43.5983,12.32,64,25,2.09,KZ,1650939664
492,mangan,27.5167,27.5167,23.42,69,68,1.25,IN,1650939666
493,san borja,-14.8167,-14.8167,23.97,92,99,1.03,BO,1650939667
494,pangoa,-12.1167,-12.1167,21.11,99,100,0.77,PE,1650939668
495,benjamin hill,30.1667,30.1667,27.8,10,0,3.48,MX,1650939670
496,kamsack,51.5667,51.5667,-2.85,75,11,3.22,CA,1650939671
497,lerwick,60.1545,60.1545,5.0,71,100,7.38,GB,1650939672
498,necochea,-38.5473,-38.5473,11.48,65,8,3.43,AR,1650939674
499,antequera,37.0194,37.0194,12.75,61,100,1.78,ES,1650939675
500,sterling,39.0062,39.0062,17.35,82,20,4.12,US,1650939500
501,aklavik,68.2191,68.2191,0.53,100,100,2.9,CA,1650939678
502,ewo,-0.8725,-0.8725,23.73,86,98,1.53,CG,1650939679
503,galveston,29.3669,29.3669,20.0,93,100,1.34,US,1650939681
504,balsas,-7.5325,-7.5325,22.83,71,1,1.32,BR,1650939682
505,usvyaty,55.7456,55.7456,3.45,96,45,1.44,RU,1650939683
506,goderich,43.7501,43.7501,9.18,71,100,5.14,CA,1650939685
507,myslenice,49.8338,49.8338,7.44,96,100,2.02,PL,1650939686
508,richards bay,-28.783,-28.783,17.97,70,89,5.76,ZA,1650939687
509,bam,29.106,29.106,25.45,24,62,3.39,IR,1650939689
510,lasem,-6.6922,-6.6922,28.67,76,100,1.1,ID,1650939690
511,mana,5.6592,5.6592,25.74,87,100,3.63,GF,1650939691
512,toamasina,-18.1667,-18.1667,23.0,94,75,5.66,MG,1650939693
513,linguere,15.3953,15.3953,24.75,41,1,7.03,SN,1650939694
514,burnie,-41.0667,-41.0667,16.69,70,65,3.62,AU,1650939696
515,mecca,21.4267,21.4267,25.55,70,8,0.52,SA,1650939697
516,miri,4.4148,4.4148,31.08,70,20,2.06,MY,1650939698
517,pisco,-13.7,-13.7,20.03,77,0,3.6,PE,1650939700
518,curuca,-0.7289,-0.7289,23.62,96,74,1.87,BR,1650939701
519,morant bay,17.8815,17.8815,25.79,85,40,4.11,JM,1650939703
520,meulaboh,4.1363,4.1363,23.74,96,100,1.64,ID,1650939704
521,jaca,42.569,42.569,7.77,86,16,1.9,ES,1650939706
522,bac,45.3919,45.3919,7.0,86,8,3.09,RS,1650939709
523,talara,-4.5772,-4.5772,19.58,88,37,7.59,PE,1650939710
524,aberdeen,57.1437,57.1437,6.27,95,75,3.09,GB,1650939518
525,kaabong,3.4836,3.4836,17.75,85,100,1.28,UG,1650939713
526,behbahan,30.5959,30.5959,23.25,39,100,1.32,IR,1650939714
527,haines junction,60.7522,60.7522,7.97,61,100,0.51,CA,1650939718
528,port-cartier,50.0334,50.0334,3.19,99,100,4.42,CA,1650939719
529,slave lake,55.2834,55.2834,12.99,38,0,8.23,CA,1650939720
530,dunedin,-45.8742,-45.8742,14.89,51,60,8.49,NZ,1650939576
531,plouzane,48.3833,48.3833,8.03,90,0,4.12,FR,1650939723
532,kutum,14.2,14.2,24.31,12,100,0.3,SD,1650939724
533,torbay,47.6666,47.6666,3.27,97,100,7.2,CA,1650939726
534,hualmay,-11.0964,-11.0964,19.31,87,88,3.7,PE,1650939727
535,brewster,41.3973,41.3973,12.19,43,100,2.57,US,1650939728
536,iberia,29.9502,29.9502,20.98,82,20,4.12,US,1650939730
537,mitsamiouli,-11.3847,-11.3847,27.2,78,30,3.88,KM,1650939731
538,rio gallegos,-51.6226,-51.6226,1.03,93,0,4.12,AR,1650939733
539,honningsvag,70.9821,70.9821,-4.14,54,75,10.29,NO,1650939734
540,anadyr,64.75,64.75,-0.72,80,40,12.0,RU,1650939735
541,bumba,2.1833,2.1833,21.86,97,99,1.02,CD,1650939737
542,ayan,56.45,56.45,2.07,75,1,2.41,RU,1650939738
543,gilford,43.5476,43.5476,7.88,68,0,3.09,US,1650939739
544,zaragoza,41.6561,41.6561,13.9,71,20,2.57,ES,1650939741
545,coffs harbour,-30.3,-30.3,21.98,73,100,2.57,AU,1650939742
546,fukue,32.6881,32.6881,22.2,100,75,11.83,JP,1650939744
547,butembo,0.15,0.15,14.11,99,100,0.92,CD,1650939745
548,kamina,-8.7386,-8.7386,17.99,95,100,1.67,CD,1650939746
549,hofn,64.2539,64.2539,4.04,96,100,2.88,IS,1650939748
550,staryy nadym,65.6118,65.6118,-3.97,96,100,4.25,RU,1650939749
551,kargasok,59.0556,59.0556,3.83,92,100,2.31,RU,1650939751
552,winnemucca,40.973,40.973,19.03,12,0,3.09,US,1650939752
553,kysyl-syr,63.8986,63.8986,-1.61,80,90,1.97,RU,1650939753
554,maragogi,-9.0122,-9.0122,24.99,85,100,3.84,BR,1650939755
555,altay,47.8667,47.8667,5.57,62,100,0.94,CN,1650939756
556,samarai,-10.6167,-10.6167,29.92,69,83,6.75,PG,1650939757
557,isangel,-19.55,-19.55,26.24,62,100,7.75,VU,1650939759
558,sibolga,1.7427,1.7427,25.29,94,100,2.54,ID,1650939760
559,taltal,-25.4,-25.4,16.97,86,32,1.85,CL,1650939328
560,lorengau,-2.0226,-2.0226,28.66,74,14,3.73,PG,1650939763
561,vuktyl,63.8567,63.8567,1.7,87,100,2.97,RU,1650939764
562,marsa matruh,31.3525,31.3525,17.25,75,100,2.51,EG,1650939765
563,aykhal,66.0,66.0,-5.87,82,69,1.9,RU,1650939767
564,inuvik,68.3499,68.3499,2.42,69,20,4.12,CA,1650939541
